[{"id":"1", "source":"mot1", "fr":" français1", "an": " Englais1", "es": " Espagnol1"},
{"id":"2", "source":"mot2", "fr":" français2", "an": " Englais2", "es": "Espagnol2"},
{"id":"3", "source":"mot3", "fr":" français3", "an": " Englais3", "es": "Espagnol3"},
{"id":"4", "source":"mot4", "fr":" français4", "an": " Englais4", "es": "Espagnol4"},
{"id":"5", "source":"mot5", "fr":" français5", "an": " Englais5", "es": "Espagnol5"},
{"id":"6", "source":"mot6", "fr":" français6", "an": " Englais6", "es": "Espagnol6"},
{"id":"7", "source":"mot7", "fr":" français7", "an": " Englais7", "es": "Espagnol7"},
{"id":"8", "source":"mot8", "fr":" français8", "an": " Englais8", "es": "Espagnol8"},
{"id":"9", "source":"mot9", "fr":" français9", "an": " Englais9", "es": "Espagnol9"},
{"id":"10", "source":"mot10", "fr":" français10", "an": " Englais10", "es": "Espagnol10"},
{"id":"11", "source":"mot11", "fr":" français11", "an": " Engla1is11", "es": "Espa1gnol11"},
{"id":"12", "source":"mot12", "fr":" français12", "an": " Englais12", "es": "Espagnol12"}]

